조문번호,내용
제2조,제2조(명칭)본대학교는경복대학교(이하“본교”라한다)라한다.<개정2012.3.1.><개정 2025.2.25.>
제3조,"제3조(위치)①본교의메인캠퍼스는남양주캠퍼스로 하며,국제화캠퍼스로 포천캠퍼스를둔 다.<개정2012.3.1.><개정2025.2.25.> ②본교의캠퍼스별위치는다음과같다.<신설2025.2.25.> 1.남양주캠퍼스:경기도남양주시진접읍경복대로425 2.포천캠퍼스:경기도포천시신북면신평로154"
제4조,제4조(설치학과및입학정원)①본교의설치학과(모집단위)및입학정원은별표1과같다. <개정2021.11.8.><개정2022.11.4.><개정2024.1.8.><개정2024.8.28.><개정2025. 2.25.> ②「고등교육법시행령」제29조제2항에따라입학하는학생은그정원이따로있는것으 로본다.<신설2009.3.1.><개정2025.2.25.> ③제1항의학과의신설ㆍ통합ㆍ폐지ㆍ정원조정등입학정원조정에관한사항은총장이따 로정한다.<신설2009.3.1.><개정2022.11.4.> ④<삭제2024.1.8.> ⑤<삭제2025.2.25.> ⑥제1항의학과의신설ㆍ통합ㆍ폐지ㆍ정원조정등입학정원조정에관한사항은대학평의 원회및이사회의심의를받아야한다.<신설2025.4.18.>
제5조,"제5조(학사학위전공심화과정 )①「고등교육법」제50조의2및같은법시행령제58조의2에 따라학사학위전공심화과정을 설치·운영하며,본교에설치하는학사학위전공심화과정의 학과 (모집단위)및입학정원은별표1과같다.<개정2021.11.8.><개정2022.11.4.><개정 2024.1.8.><개정2024.12.15.><개정2025.2.25.> ②학사학위전공심화과정의 운영에관한세부사항은총장이따로정한다.<신설2024.12. 15.>"
제6조,"제6조(전문기술석사과정 )①「고등교육법」제49조의2에따라전문기술석사과정을 설치·운영 하며,본교에설치하는전문기술석사과정 (모집단위)및입학정원은별표1과같다.<신설2024. 8.28.><개정2024.12.15.><개정2025.2.25.> ②전문기술석사과정 운영에관한세부사항은총장이따로정한다.<신설2024.12.15.>"
제7조,"제7조(계약에의한학과설치ㆍ운영)①「산업교육진흥및산학협력촉진에 관한법률」제8경복대학교학칙2-1 -4-조제1항에따라국가,지방자치단체또는산업체등과의계약에의한학과(이하“계약학과 등”이라한다)를설치·운영할수있다.<개정2024.12.15.> ②<삭제2025.2.25.> 제2장수업연한과재학연한 <개정2025.2.25.>"
제8조,제8조(수업연한)①본교의수업연한(授業年限)은별표1과같다.<개정2013.8.14.><개정 2022.11.4.><개정2024.3.14.><개정2024.12.15.><개정2025.2.25.> ②<삭제2025.2.25.> ③<삭제2025.2.25.> ④제43조제1항의졸업에필요한학점이상을조기취득한사람은제1항에정한수업연한의 4분의1이내에서단축할수있다.<신설2025.2.25.>
제9조,"제9조(재학연한)재학연한(在學年限)은제한을두지않는다.<개정2025.2.25.> 제3장학년도,학기,수업일수및휴업일"
제10조,제10조(학년도)학년도는3월1일부터다음연도2월말일까지로한다.<개정2025.2.25.>
제11조,"제11조(학기)①학기는다음과같이2개학기로하되총장이필요하다고인정할때에는이를 조정할수있다.<개정2009.3.1.><개정2024.12.15.><개정2025.2.25.> 1.제1학기:3월1일부터8월31일까지<개정2024.12.15.> 2.제2학기:9월1일부터다음연도2월말일까지<개정2024.12.15.><개정2025.2. 25.> ②총장이필요하다고인정할때에는추가학기,실습학기또는계절학기를설치·운영할수있 다.<개정2024.12.15.><개정2025.2.25.> ③학기설치·운영에관한세부사항은총장이따로정한다.<개정2023.7.5.><개정2025. 2.25.>"
제12조,"제12조(수업일수)①수업일수는매학년도30주(매학기15주)를원칙으로한다.다만,「고 등교육법」제36조및동법시행령제53조에따라시간제로등록하여수업을받는사람(이하 “시간제등록생”이라한다)만을대상으로하는수업의수업일수는그러하지아니하다.<개정 2009.3.1.><개정2019.7.1.><개정2024.12.15.> ②천재지변또는그밖에학사운영상부득이한사유로제1항에따른수업일수를채충족할 수없는경우에는매학년도2주이내에서학교의수업일수를감축할수있다.<개정2009.3. 1.><개정2024.12.15.><개정2025.2.25.> ③학생들의교육효과와현장적응력을높이기위하여필요한때는단기간에집중적으로수 업을실시할수있으며,이에필요한세부사항은총장이따로정한다.<신설2025.2.25.> 경복대학교학칙2-1 -5-제13조(휴업일)①정기휴업일은다음과같다.<개정2025.2.25.> 1.법정공휴일<개정2025.2.25.> 2.일요일 3.대체공휴일<개정2013.8.14.><개정2025.2.25.> ②<삭제2025.2.25.> ③부득이한경우휴업일에도수업을할수있다. ④총장은비상재해,그밖에급박한사정이발생한때에는임시휴업을할수있다. <개정2009.3.1.> 제4장입학 <개정2025.2.25.>"
제14조,"제14조(입학시기)입학(재입학,편입학포함)을허가하는시기는매학기개시일로부터수업일 수4분의1이내로한다.<개정2024.12.15.><개정2025.2.25.>"
제15조,제15조(입학자격)①간호학사및전문학사과정에 입학할수있는사람은고등학교를졸업하 였거나이와같은수준이상의학력이있다고인정된사람으로한다.<개정2024.3.14.><개 정2025.2.25.> ②학사학위전공심화과정에 입학할수있는사람은「고등교육법시행령」제58조의2제3항 및제58조의3제1항에서정한요건을갖춘사람으로한다.<신설2025.2.25.> ②전문기술석사과정에 입학할수있는사람의자격에관한세부사항은총장이따로정한다. <신설2024.3.14.><개정2025.2.25.>
제16조,제16조(입학지원절차)입학지원절차는모집할때따로공고하는방법에따른다.<개정 2025.2.25.>
제17조,제17조(입학전형)입학전형은총장이정하여공고하는전형요강에따라선발한다.<개정 2009.3.1.><개정2025.2.25.>
제18조,제18조(입학전형관리위원회 )①입학전형제도의 개발및입학전형관리에 있어주요사항을계 획ㆍ심의하기위하여입학전형관리위원회를 둔다. ②입학전형관리위원회는 위원장1명과부위원장1명을포함하여10명의위원으로구성하며 임무및운영에관한사항은총장이따로정한다.<개정2025.2.25.>
제19조,제19조(대학입학전형공정관리대책위원회 )①입학전형의공정한관리를위하여대학입학전형공 정관리대책위원회를 둔다. ②대학입학전형공정관리대책위원회는 위원장1명과부위원장1명을포함하여10명의위원 으로구성하며임무및운영에관한사항은총장이따로정한다.<개정2025.2.25.>경복대학교학칙2-1 -6-제20조(입학허가)입학허가는입학사정위원회의 심의를거쳐총장이결정한다.<개정2025.2. 25.>
제21조,제21조(입학취소)다음각호의어느하나에해당하는자는입학을취소할수있다.<개정 2025.2.25.> 1.고등학교졸업학력미인정학교졸업(예정)자 2.삭제<개정2009.3.1.> 3.입학관련모집요강에정한입학취소요건해당하는사람<개정2025.2.25.> 4.삭제<개정2009.3.1.> 5.「고등교육법시행령」제42조에서정하는입학지원방법을위반한사람<신설2009.3. 1.><개정2025.2.25.>
제22조,"제22조(산업체위탁교육)<개정2024.12.15.><개정2025.2.25.> ①고등학교졸업또는이와동등이상의학력이있다고인정된사람으로서산업체에근무 중인사람의교육을위탁받은때에는해당산업체와의계약에따라위탁교육을실시할수있 다.<개정2024.12.15.> ②제1항에따른위탁계약에는위탁생의선발기준,위탁교육의경비납부방법,교육과정의 편성·운영,산업체의시설및교수자격이있는사람의활용,학교에대한산업체의지원등위 탁교육에필요한사항이포함되어야한다.<개정2024.12.15.> ③산업체위탁교육운영에관한세부사항은총장이따로정한다.<개정2024.12.15.>"
제23조,제23조(편입학)①총장은모집단위별로입학정원의범위에서결원이있을때는편입학을허 가할수있다.<개정2015.12.2.><개정2024.12.15.><개정2025.2.25.> ②<삭제2025.2.25.> ③편입학에관한세부사항은총장이따로정한다.<신설2015.12.2.>
제24조,"제24조(재입학)①징계에따라제적되었거나산업체위탁교육생이 아닌경우로자퇴및제적 된사람은재입학할수있다.다만,산업체위탁교육생이옮긴산업체의장의동의를받아관 련서류를제출할경우에는산업체위탁교육심의위원회의 심의를거쳐재입학을허가할수있다. <개정2009.3.1.><개정2024.12.15.><개정2025.2.25.> ②재입학에관한세부사항은총장이따로정한다.<개정2016.2.3.><개정2024.12.15.> <개정2025.2.25.> ③삭제<개정2009.3.1.> 제5장전공,전과,휴학,복학,자퇴및제적 <개정2025.2.25.>"
제25조,제25조(전공및소단위전공과정)①본교의학생은지도교수의상담을거쳐다음각호에해 경복대학교학칙2-1 -7-당하는전공을이수할수있다.<신설2024.12.15.><개정2025.2.25.> 1.주전공:소속학과의전공교육과정을 이수하는전공<신설2024.12.15.><개정2025.2. 25.> 2.복수전공:소속학과이외다른학과의전공교육과정을 하나이상추가로이수하여복수의 학위를취득할수있는전공<신설2024.12.15.> 3.부전공:소속학과이외다른학과의전공을일정학점이상체계적으로이수하되학위를 추가로취득할수없는전공<신설2024.12.15.> 4.학생설계전공:전공자율선택제모집단위로입학한학생이특정학과의전공교육과정을 따 르지않고총장의승인을받아자율적으로전공교육과정을 구성하여이수하는전공<신설 2024.12.15.> ②「고등교육법시행령」제12조의2에따른소단위전공과정을운영할수있다.<신설2024. 12.15.><개정2025.2.25.> ③제2항에따른소단위전공과정은본교의학생및학생이외의사람이모두이수할수있 다.<신설2025.2.25.> ④전공및소단위전공과정운영에관한세부사항은총장이따로정한다.<신설2025.2. 25.>
제26조,"제26조(전과)①1개학기이상이수한간호학사및전문학사과정학생에게는전과를허가할 수있다.다만,산업체위탁교육생의 전과는허가하지아니한다.<개정2010.6.14.><개정 2023.1.30.><개정2024.8.13.><개정2024.12.15.><개정2025.2.25.> ②전과에관한세부사항은총장이따로정한다.<개정2009.3.1><개정2023.1.30.> <개정2024.8.13.><개정2024.12.15.><개정2025.2.25.> ③<삭제2025.2.25.> ④<삭제2025.2.25.> ⑤<삭제2025.2.25.> ⑥<삭제2025.2.25.>"
제27조,제27조(휴학)①휴학을희망하는사람은휴학신청서를제출하여총장의허가를받아휴학할 수있다.<개정2014.12.15.><개정2024.12.15.> ②휴학에관한세부사항은총장이따로정한다.<개정2009.3.1.><개정2025.2.25.> ③<삭제2025.2.25.> ④<삭제2025.2.25.> ⑤<삭제2025.2.25.>
제28조,"제28조(복학)①휴학한사람은휴학기간이만료된다음학기복학기간에복학해야한다.다 만,휴학기간전(前)이라도휴학사유가소멸된경우총장의허가를받아복학할수있다.<개 정2024.12.15.><개정2025.2.25.> ②복학은매학기개시일이후수업일수4분의1이내에서허가할수있다.<개정2024.12. 15.><개정2025.2.25.>경복대학교학칙2-1 -8-③복학에관한세부사항은총장이따로정한다.<신설2025.2.25.>"
제29조,"제29조(자퇴)①자진퇴학(이하""자퇴""라한다)을하려는학생은자퇴신청서를제출하여총장 의허가를받아자퇴할수있다.<개정2024.12.15.><개정2025.2.25.> ②자퇴한사람은학적을상실한다.<신설2025.2.25.>"
제30조,"제30조(제적)①총장은다음각호의어느하나에해당하는학생을제적할수있다.<개정 2024.12.15.><개정2025.2.25.> 1.휴학기간만료후학기개시일이후수업일수4분의1이내에정당한사유없이복학하지 아니한학생<개정2024.12.15.><개정2025.2.25.> 2.학기개시일이후수업일수4분의1이내에정당한사유없이등록하지아니한학생<개정 2009.3.1.><개정2025.2.25.> 3.학사경고를3회받은학생<개정2024.12.15.><개정2025.2.25.> 4.위탁교육계약이해지된산업체위탁교육생 <개정2024.12.15.><개정2025.2.25.> 5.<삭제2025.2.25.> ②제적된사람은학적을상실하며,이미납부한등록금은반환하지아니한다.<신설2025. 2.25.> 제6장교과및수업 <개정2025.2.25.>"
제31조,제31조(교육과정)①교육과정은교양교과와전공교과로구분한다.<개정2019.2.1.><개정 2024.12.15.> ②교육과정의편성과운영에관한세부사항은총장이따로정한다.<신설2025.2.25.> ③<삭제2025.2.25.> ④<삭제2025.2.25.> ⑤<삭제2025.2.25.> ⑥<삭제2025.2.25.> ⑦<삭제2024.12.15.> ⑧<삭제2025.2.25.> ⑨<삭제2025.2.25.> ⑩<삭제2025.2.25.> ⑪<삭제2025.2.25.>
제32조,"제32조(교육과정의연계운영)①직업교육활성화를위해필요한경우에는특성화고등학교, 산업대학교,대학및산업체와연계하여교육과정을운영할수있다.<개정2016.2.3.><개 정2024.12.15.><개정2025.2.25.> 경복대학교학칙2-1 -9-②연계교육으로이수한과정은본교의학점으로인정할수있다.<개정2024.12.15.><개 정2025.2.25.> ③연계교육운영에관한세부사항은총장이따로정한다."
제33조,제33조(외국대학과의교육과정공동운영)①외국대학과공동으로학위과정을두어교육과정을 운영할수있다.<신설2009.3.1.> ②외국대학과의교육과정공동운영에관한세부사항은총장이따로정한다.<신설2009.3. 1.>
제34조,"제34조(학점이수)①교과이수단위는학점으로하고,학기당15시간의강의를1학점으로하 되,실험,실습,실기는학기당30시간의강의를1학점으로할수있다,다만,부득이한사유가 있을때는총장의허가를받아달리정할수있다.<개정2015.6.8.><개정2024.12.15.> <개정2025.2.25.> ②학생은매학기다음의범위에서학점을이수해야한다.다만,부득이한사유가있을때 는총장의허가를받아학기당최소이수학점미만을이수할수있다.<신설2025.2.25.> 과정(수여학위)학기당최소 이수학점학기당최대 이수학점 간호학사및전문학사과정(간호학사및전문학사) 12이상21이하 학사학위전공심화과정 (학사) 9이상16이하 전문기술석사과정 (전문기술석사) 3이상9이하 ③<삭제2025.2.25.> ④<삭제2025.2.25.> ⑤<삭제2025.2.25.> ⑥<삭제2025.2.25.>"
제35조,제35조(학점인정)①다음각호의어느하나에해당하는때에는본교의학점으로인정할수 있다.<개정2024.12.15.> 1.본교와국내외다른대학간학점교류에관한협약에따라취득한학점<신설2024.12. 15.><개정2025.2.25.> 2.국내외다른대학및전문대학또는대학졸업자와동등한학력·학위가인정되는교육기관 을통해취득한학점<신설2024.12.15.><개정2025.2.25.> 3.「학점인정등에관한법률」제7조제1항또는제2항에따라교육부장관으로부터 인정받은 학점<신설2024.12.15.><개정2025.2.25.> 4.입영또는복무중인사람이온라인을활용한원격수업을수강하여취득한학점<신설 2024.12.15.><개정2025.2.25.> 5.국내외의다른학교·연구기관또는산업체등에서학습·연구·실습또는근무한사실이인 정되는때(해외인턴십과정포함)<신설2024.12.15.><개정2025.2.25.> ②학점인정에관한세부사항은총장이따로정한다.<개정2024.12.15.><개정2025.2.경복대학교학칙2-1 -10-25.> ③<삭제2025.2.25.> ④<삭제2024.12.15.> ⑤<삭제2024.12.15.> ⑥<삭제2024.12.15.> ⑦<삭제2025.2.25.>
제36조,제36조(수강신청)①학생은지도교수지도또는학과장의지도를받아매학기정해진기간 에해당학기에이수하려고하는교과목의수강을신청해야한다.<개정2024.12.15.><개정 2025.2.25.> ②매학기개설교과목은학기개시일전에총장이따로정하여공고한다.<개정2009.3. 1.><개정2024.12.15.><개정2025.2.25.> ③수강신청에관한세부사항은총장이따로정한다.<신설2025.2.25.>
제37조,"제37조(수업)①수업은주간수업,야간수업,계절수업,방송·정보통신매체등을활용한원격 수업및현장실습수업등의방법으로할수있다.<개정2024.12.15.><개정2025.2.25.> ②강좌는오전8시부터오후22시30분까지개설·운영할수있다.다만,야간수업의개설·운 영시간은따로정할수있다.<개정2024.12.15.><개정2025.2.25.> ③감염병등에따른국가위기단계가발생한때에는수업을다르게운영할수있다.<신설 2020.4.20.><개정2024.12.15.><개정2025.2.25.> ④수업운영에관한세부사항은총장이따로정한다.<신설2024.12.15.><개정2025.2. 25.> ⑤<삭제2025.2.25.>"
제38조,"제38조(출석)①학생은수강신청한모든교과목의강의에출석해야한다.<신설2025.2. 25.> ②부득이한사유로출석하지못한학생은증빙서류를제출하여출석으로인정받을수있다. 다만,출석인정기간은수업기간의4분의1을초과할수없다.<신설2025.2.25.> ③출석인정에관한세부사항은총장이따로정한다.<신설2025.2.25.>"
제39조,"제39조(다른대학학생의수학)국내외다른대학에재학중인학생이본교에서수학하려고 할때는이를허가할수있으며,수학기간등운영에관한사항은해당대학과의학술교류협약 등에따른다.<신설2025.2.25.> 제7장성적평가및졸업 <개정2025.2.25.>"
제40조,"제40조(평가)①교과목별로학업성취도및직무능력성취등을 측정하기위하여평가를시행할 수있다.<개정2009.3.1.><개정2020.4.20.><개정2025.2.25.> 경복대학교학칙2-1 -11-②<삭제2025.2.25.> ③부득이한사유로평가시험에응시하지못한학생은증빙서류를제출하여총장의허가를 받아추가시험에응시할수있다.<개정2024.12.15.><개정2025.2.25.> ④각교과목총수업시간의4분의1이상을결석한학생은평가시험에응시할수없으며, 해당교과목의학점을미취득(NP또는F)으로처리한다.<개정2009.3.1.><개정2020.4. 20.><개정2024.12.15.><개정2025.2.25.> ⑤평가시험운영에관한세부사항은총장이따로정한다.<신설2015.3.1.><개정2020. 4.20.> ⑥<삭제2024.12.15.>"
제41조,"제41조(성적)①학업성적은각교과목을100점만점으로하고출석상황,과제및시험성적 등을종합적으로평가하며그등급과평점은다음과같다.<개정2020.4.20.><개정2024. 12.15.><개정2025.2.25.> 평가점수 수행등급 평점등급 평점 100~95 취득(P)A＋ 4.5 94~90 A0 4.0 89~85 B＋ 3.5 84~80 B0 3.0 79~75 C＋ 2.5 74~70 C0 2.0 69~65 D＋ 1.5 64~60 D0 1.0 59이하 미취득(NP) F 0 ②교과목수행등급이취득(P)이상일때학점을취득한것으로인정한다.<개정2020.4. 20.><개정2021.5.1.><개정2024.12.15.><개정2025.2.25.> ③수강신청을하고도수강하지아니한과목의성적은미취득(NP또는F)으로처리한다. <개정2025.2.25.> ④잘못이나부정행위에따른성적은취소할수있다.<개정2025.2.25.> ⑤성적처리에관한세부사항은총장이따로정한다.<개정2015.6.8.><개정2020.4.20.> <개정2025.2.25.> ⑥<삭제2020.4.20>"
제42조,"제42조(학사경고)①성적이일정수준에미치지못하여정상적인진급,수료및졸업이어려 울것으로예상되는학생에게는학사경고를해야한다.<개정2024.12.15.><개정2025.2. 25.> ②학사경고의기준에관한세부사항은총장이따로정한다.<신설2024.12.15.><개정 2025.2.25.>경복대학교학칙2-1 -12-제43조(졸업및수료)①별표3에해당하는학점이상을이수하고졸업에필요한요건을모두 갖춘학생에게는졸업자격을부여하고별지제1호서식,별지제2호및별지제3호서식에따 라별표2에해당하는학위를수여한다.<개정2014.9.1.><개정2020.4.20.><개정2024. 12.15.><개정2025.2.25.> ②학생역량향상및전문자격취득을위하여제1항에서정한학점이외에과정별또는전 공별로졸업에필요한요건(이하“졸업인증요건”이라한다)을따로정할수있으며,졸업인증 요건이따로있는때는이수하는전공별로이를모두충족해야한다.<개정2024.12.15.> <개정2025.2.25.> ③진급사정또는졸업사정에서탈락한학생중별표3에해당하는학점이상을이수한때 에는수료자격을부여할수있다.<개정2024.12.15.><개정2025.2.25.> ④졸업및수료에관한세부사항은총장이따로정한다.<개정2025.2.25.> ⑤<삭제2025.2.25.>"
제44조,제44조(유급)①다음각호의어느하나에해당하는학생은유급할수있다.<개정2020.4. 20.><개정2024.12.15.><개정2025.2.25.> 1.학사경고를연속하여2회받은학생<신설2024.12.15.><개정2025.2.25.> 2.제43조제3항에따른학년수료에필요한학점을취득하지못한학생<신설2024.12. 15.><개정2025.2.25.> 3.진급사정또는졸업사정에서탈락한학생<신설2024.12.15.><개정2025.2.25.> 4.스스로유급을희망한학생<신설2024.12.15.><개정2025.2.25.> ②<삭제2024.12.15.> ③<삭제2024.12.15.> 제8장평생교육 <개정2025.2.25.>
제45조,제45조(학점은행제)①출석수업또는원격수업기반학점은행제를설치·운영할수있다.<개정 2012.3.1.><개정2020.5.11.><개정2024.12.15.><개정2025.2.25.> ②학점은행제의운영에관한사항은총장이따로정한다.
제46조,제46조(비학위전공심화과정)<개정2024.12.15.><개정2025.2.25.> ①전문대학을졸업한사람의직무능력향상교육을위하여1년의범위에서전공심화과정을 설치·운영할수있다.<개정2024.12.15.><개정2025.2.25.> ②입학자격은전문대학졸업이상의학력을가진사람으로1년이상산업체근무경력이있 는사람으로한다.<개정2024.12.15.><개정2025.2.25.> ③전문대학비학위심화과정의 설치및운영등에관한세부사항은총장이따로정한다.<개 정2024.12.15.>
제47조,제47조(시간제등록생의 선발등)①일반사회인의재교육및평생교육기회를제공하기위해 경복대학교학칙2-1 -13-고등학교를졸업한사람이나법령에따라이와같은수준이상의학력이있다고인정된사람 을대상으로시간제로등록하여수업을받을수있도록하는시간제등록생을모집할수있다. <개정2024.12.15.><개정2025.2.25.> ②모집인원은모집단위별입학정원의10퍼센트이내로한다.<개정2024.12.15.><개정 2025.2.25.> ③시간제등록생이취득할수있는학점은매학기정규학생의취득기준학점2분의1이 내에서가능하며연간20학점을초과할수없다.<개정2009.3.1.><개정2024.12.15.> <개정2025.2.25.> ④시간제등록생의선발및그밖에운영에관한사항은총장이따로정한다.<개정2024. 12.15.><개정2025.2.25.>
제48조,"제48조(비정규특별과정운영)①본교는3개월부터1년까지과정의비정규특별과정을설치 운영할수있다.<개정2012.3.1.><개정2025.2.25.> ②비정규특별과정은본교에설치된학과와유사한분야에만설치한다.<개정2012.3.1.><개 정2025.2.25.> ③비정규특별과정운영에관한세부적인사항은총장이따로정하되,매학년도교육부장 관에게보고후운영한다."
제49조,제49조(공개강좌)①본교학생외의사람을대상으로공개강좌를개설할수있다.<개정 2012.3.1.><개정2024.12.15.><개정2025.2.25.> ②공개강좌의운영에관한사항은총장이따로정할수있다.<개정2024.12.15.> 제9장학생활동 <개정2025.2.25.>
제50조,"제50조(학생회조직)①건전한학생활동을통하여회원상호간의친목을도모하고건전한학 풍을조성하며,지도력과자치활동능력을배양하기위하여본교에학생회를두며,그운영에 관한사항은따로정한다.<개정2012.3.1.> ②학생은입학허가와동시에학생회회원이되며,제적과동시에학생회회원의신분을상실 한다.<개정2012.3.1.><개정2025.2.25.> ③학생회는전시,사변또는이에준하는국가비상사태에있어서는그활동이정지된다."
제51조,제51조(학생회비)학생회회원은회비를납부해야한다.<개정2025.2.25.>
제52조,제52조(학생단체의조직)학생회에소속되지아니한학생단체를조직하려는경우에는학생지 도위원회의심의를거쳐총장의승인을받아야한다.<개정2025.2.25.>
제53조,"제53조(정치적활동등의금지)학생은정당또는정치적목적의사회단체에가입하거나정 치적활동및집단적행위,시위,농성,수업거부,불온게시물의무단부착등학업에지장을주경복대학교학칙2-1 -14-는모든행위를할수없으며,학교운영에관하여간섭하지아니한다.<개정2025.2.25.>"
제54조,"제54조(학생지도)①총장은매학년초학생지도계획을세워학생지도를분담시키며,지도교수는 총장의명을받아학생을지도하되,특히학칙을위반한사람에대하여특별지도를하여야하며, 개별상담에응하고그문제해결을위해부단히노력해야한다.<개정2025.2.25.> ②학생회의활동을지도·육성하기위하여학생지도위원회를 두며,학생지도위원회에 관한 사항은총장이따로정한다.<개정2025.2.25.>"
제55조,"제55조(학생활동의사전승인)학생단체또는학생이다음과같은행위를하려는경우에는사 전에총장의승인을받아야하며,제1호및제4호의집회에있어서는목적,개회일시,장소,참가 예정인원등에대하여승인을받아야한다.<개정2025.2.25.> 1.교내외10명이상집회<개정2025.2.25.> 2.교내외광고,인쇄물첨부및배부<개정2025.2.25.> 3.각기관또는개인에대한학생활동후원요청또는시상의뢰<개정2025.2.25.> 4.외부인사의학내초청<개정2025.2.25.>"
제56조,"제56조(간행물발행)학생단체또는학생의모든정기,부정기간행물은지도교수가지도하고 인쇄된간행물은배포하기전에총장의승인을받아야한다.<개정2025.2.25.>"
제57조,제57조(처벌)제50조부터제56조까지의규정을위반하여징계또는제적된사람(다른대학에서 제적된사람포함)은재입학또는편입학을허가하지아니한다.<개정2024.12.15.><개정 2025.2.25.> 제10장규율과상벌 <개정2025.2.25.>
제58조,제58조(규율)학생은학칙을준수하고성심성의로학업에종사하여학문과기술을배우고익 혀교양을높임으로써장차전문직업인이지녀야할자질을갈고닦아야한다.<개정2025.2. 25.>
제59조,제59조(포상)총장은품행이단정하고학업성적이우수한학생또는남에게모범이될만한 선행을한학생에게포상할수있다.<개정2024.12.15.><개정2025.2.25.>
제60조,"제60조(징계)①총장은학생이다음각호의어느하나에해당할때에는학생지도위원회의 심 의를거쳐징계처분할수있다.<개정2025.2.25.> 1.학칙을위반한사람<개정2012.3.1.><개정2025.2.25.> 2.행실이바르지못하고나아질가망이없는사람<개정2025.2.25.> 3.그밖에학생의본분을벗어난행위를한사람<개정2025.2.25.> 4.수업분위기또는학내질서를심히문란하게한사람<개정2025.2.25.> 경복대학교학칙2-1 -15-5.성적언동등으로성적굴욕감또는혐오감을느끼게하는등의성희롱(성폭력)을한사 람<개정2025.2.25.> ②징계는그정상에따라근신,유기정학,무기정학및제적으로구분하며그기준은총장이 따로정한다. 제11장납입금 <개정2025.2.25.>"
제61조,제61조(납입금)①학생은매학기등록기간에수업료및그밖에납부금으로구성되는등록 금을납부해야한다.<개정2025.2.25.> ②그밖에교육부장관의승인을받은비용은수업료와같이납부해야한다.<개정2025.2. 25.> ③납부한납입금은「학교수업료및입학금에관한규칙」제6조에따른반환사유에해 당될때에는이를학생에게반환한다.<개정2025.2.25.>
제62조,제62조의5(행정사항)<삭제2021.2.1.>
제63조,제63조(납입금의면제)총장은행실이바르고학업성적이우수한자및국가유공자자녀에대 하여납입금의일부또는전부를면제할수있다.<신설2011.1.10.><개정2025.2.25.> 제12장장학금 <개정2025.2.25.>
제64조,"제64조(장학금)①총장은다음각호의어느하나에해당하는사람에대하여장학위원회의 심의를거쳐장학금을지급할수있다.<개정2025.2.25.> 1.직전학기총점평균(백분위점수)60점이상인사람으로서행실이방정하여남에게모범이 되는사람<개정2022.5.25.><개정2025.2.25.> 2.직전학기총점평균(백분위점수)60점이상인사람으로서생활이매우어려운사람<개정 2022.5.25.><개정2025.2.25.> ②장학금을받은학생이휴학,퇴학,제적및징계처분을받았을경우장학금지급을중지 한다. ③장학금지급에관한사항을심의하기위하여장학위원회를두며그운영에관한제반사 항은총장이따로정한다. 제13장직제 <개정2025.2.25.> 제1절교직원"
제65조,"제65조(교직원)①본교에는총장,부총장,교수,부교수,조교수의전임교원과사무직원및조 교를둘수있다.<개정2015.3.1.> ②총장은겸임교원,초빙교원,명예교원,석좌교수,특임교수및강사등을각각임용제청 할수있으며각교원의자격기준은관계규정에서정하는바에따른다.<개정2015.3.1.> <개정2019.7.1.><개정2025.2.25.> ③본교에4인이하의부총장을둘수있으며전임교원을포함하여비전임교원또는외부 인사로임명할수있다.<개정2017.9.15.><개정2022.3.21><개정2025.2.25.>"
제66조,"제66조(교원)①교원은전임교원(교수,부교수,조교수),비전임교원(겸임교원,명예교수,석 좌교수,강사,초빙교원,특임교수등)으로구분하고,교육과연구,학생지도의효율을위해필 경복대학교학칙2-1 -17-요한경우에는다른교원을둘수있으며,교원의임용·재임용절차,근무조건및그밖에필 요한사항은따로정한다.<신설2019.7.1.> ②교원의시수에관한사항은총장이따로정한다.<신설2019.7.1><개정2025.2.25.>"
제67조,"제67조(강사)①제66조제1항에따른강사는학교법인경복대학교정관으로정하는바에따 라계약으로임용하며,임용기간은계약으로정하는기간으로한다.<신설2019.7.1><개정 2025.2.25.> ②강사는「교육공무원법」,「사립학교법」,및「사립학교교직원연금법」을적용할때에는 교원으로보지아니한다.다만,「고등교육법」제14조의2에서적용한관련규정만적용한다. <신설2019.7.1.>"
제68조,"제68조(교직원의임무)①총장은교무(校務)를총괄하고,소속교직원을감독하며,학생을지 도한다.<개정2025.2.25.> ②부총장은총장을보좌하며총장이부득이한사유로직무를수행할수없을때에는그직 무를대행한다.다만,부총장이2명이상인때에는이사회의의결을거쳐총장직무대행자를 정해야한다.<신설2015.9.1.><개정2025.2.25.> ③교원은학생을교육ㆍ지도하고,학문을연구한다. ④직원은학교의행정사무와그밖의업무를담당한다.<개정2025.2.25.> ⑤조교는교육·연구및학사에관한사무를보조한다.<개정2025.2.25.> 제2절대학본부"
제69조,"제69조(직제)①본교에는정보기획처,교무처,학생성공처,입학홍보처,국제교육처및사무국 등의하부조직을둔다.<개정2017.9.15.><개정2022.3.21.><개정2022.11.4.><개정 2023.9.26.> ②각처장은전임교원․비전임교원또는일반직원중에서임명하고,국장은일반직원중에 서임명한다.<개정2015.12.2.><개정2022.3.21.><개정2022.11.4.><개정2023.9. 26.><개정2024.12.15.> ③<삭제2022.11.4.> ④각처와국에는실․팀(과)․센터를둘수있으며명칭,정원및분장사무는총장이따로 정한다.<개정2017.9.15.><개정2019.2.1.><개정2019.11.4.><개정2020.4.20.><개정 2022.3.21.><개정2022.11.4.> ⑤제1항및제4항에따른처·실·국등의업무를처리하기위하여부처장,단장,팀(과)장과 센터장을둘수있으며,전임교원·비전임교원또는일반직원중에서임명한다.<개정2014.3. 1.><개정2024.12.15.><개정2025.2.25.> ⑥교원을제2항및제5항의보직에임명할때의임기는1년으로하며연임할수있다.<개 정2017.9.15.><개정2020.4.20.><개정2022.3.21.><개정2022.11.4.><개정2023.9. 26.><개정2024.12.15.>경복대학교학칙2-1 -18-제3절학사조직"
제70조,제70조(교무위원회)<삭제2023.4.14.>
제71조,제71조(미래전략위원회)<삭제2025.2.25.>
제72조,"제72조(학사조직)<개정2024.12.15.> ①본교에는간호대학,치위생학부,첨단융합학부,서비스플랫폼학부,공공인재학부,의료보건 학부,예술디자인학부,교양학부및크리에이티브융합대학원을둔다.<신설2017.9.15.><개 정2022.11.4.><개정2025.2.25.> ②간호대학및각학부에는각각제4조에따른학과를설치한다.<신설2017.9.15.><개 정2024.12.15.> ③간호대학,각학부및학과에는각각학장,학부장및학과장을두되,조교수이상의교원 중에서임명하고임기는1년으로하며,연임할수있다.<개정2017.9.15.><개정2024.12. 15.> ④학사행정업무를원활하게처리하기위하여간호대학에교학과·학생복지과·기획평가과·산 업취업과및실습지원과를두며,그외학과에는교무자격인증과및취업실습홍보과를둘수있 되,,각과의장은조교수이상의교원중에서임명하고임기는1년으로하며,연임할수있다. <개정2017.9.15.><개정2024.12.15.><개정2025.4.18.> ⑤간호대학및각학부에실습센터및행정실등의지원조직을둘수있다.<신설2017.9. 15.><개정2024.12.15.> 제4절부속및부설기관"
제73조,제73조(부속및부설기관)본교에는필요한행정기구와부속기관및부설기관을두며그직 제및운영에관한사항은총장이따로정한다.<개정2015.3.1.><개정2022.11.4.><개 정2025.2.25.>
제74조,"제74조(산학협력단의설치및운영)①「산업교육진흥및산학연협력촉진에 관한법률」제 25조에따라경복대학교산학협력단(이하“산학협력단”이라한다)을둔다.<개정2012.7.25.> <개정2025.2.25.> ②산학협력단설치및운영에관한사항은산학협력단정관으로따로정한다.<개정2009. 12.14.><개정2025.2.25.> 제14장대학평의원회,교수회및제위원회 <개정2025.2.25.>"
제75조,제75조(대학평의원회)①본교의교육에관한중요사항을심의하기위하여학교법인경복대학 교정관제31조의3부터제31조의9까지의규정에따라대학평의원회를 설치한다.<개정2021. 경복대학교학칙2-1 -19-2.1.><개정2025.2.25.> ②<삭제2021.2.1> ③<삭제2021.2.1> ④대학평의원회조직과운영에관하여필요한세부적사항은총장이따로정한다.<신설 2009.3.1.><개정2025.2.25.>
제76조,"제76조(교수회)①학사에관한제반사항을심의하기위하여교수회를두며,전임교원으로조 직한다.다만,필요하다고인정될때에는그외의사람을포함시킬수있다.<개정2009.3. 1.><개정2025.2.25.> ②교수회는총장이소집하고의장이되며,총장부재시는교학부총장,기획부총장,간호보건 부총장,정보기획처장등직제순에따라업무를대행한다.<개정2015.9.1.><개정2025.2. 25.> ③교수회는다음의사항을심의한다. 1.대학의교육및운영에관한세부사항 2.대학평의원후보추천 3.그밖에총장이회의에부치는사항<개정2025.2.25.> ④교수회는재직교원과반수출석과출석교원과반수의찬성으로의결한다.<개정2025.2. 25.>"
제77조,"제77조(제위원회)대학운영을위하여필요할경우에별도의위원회를둘수있으며,그조직과 운영에관한사항은총장이따로정한다.<신설2009.3.1.><개정2025.2.25.>"
제78조,"제78조(장애학생특별지원위원회 )①장애인등에대한특수교육법」제29조에따라장애학생 지원을위한계획및심사청구사건등에대한심사·결정등을하기위하여장애학생특별지원 위원회를둔다.<신설2012.4.17.><개정2025.2.25.> ②장애학생특별지원위원회의기능,조직및운영에관한사항은총장이따로정한다.<신설 2012.4.17.><개정2025.2.25.> 제15장학칙제ㆍ개정절차"
제79조,"제79조(학칙제·개정의예고)학칙을제ㆍ개정을하려는경우에는제ㆍ개정안의취지,주요 내용또는전문을공고해야한다.<개정2025.2.25.>"
제80조,제80조(공고기간)학칙제ㆍ개정안의공고기간은특별한사정이없는경우에는7일이상으로 한다.<개정2009.12.14.><개정2025.2.25.>
제81조,제81조(의견제출및처리)①교직원은공고된제ㆍ개정안에대하여그의견을제출할수 있다.<개정2012.3.1.><개정2025.2.25.> ②제1항에따라제ㆍ개정안에대한의견이제출된경우의견을제출한사람에게그제출된경복대학교학칙2-1 -20-의견의처리결과를통지해야한다.<개정2025.2.25.>
제82조,제82조(심의)사전예고절차를거친제ㆍ개정안은학칙에따라규정심의위원회및대학평의원회의 심의를거쳐야한다.<개정2020.5.11.><개정2025.2.25.>
제83조,"제83조(공포절차및공포)제반학칙의공포는대학평의원회의 심의를마친후,관계서류를 첨부하여총장의승인을얻어공포하되학사운영,학생의신분변동,학내기구의설치및운영 등에관한사항중대통령령이정하는중요한사항을개정한때에는14일이내에교육부장관 에게보고해야한다.<개정2009.3.1.><개정2025.2.25.> 제16장부속기관및부설기관"
제84조,제84조(부속기관)①<삭제2022.11.4.> ②<삭제2022.11.4.>
제85조,제85조(부설기관)①<삭제2022.11.4.> ②<삭제2022.11.4.> 제17장도서관운영 <개정2025.2.25.>
제86조,제86조(도서관)①「대학도서관진흥법」제6조제2항에따라도서관을설치·운영한다.<개정 2025.2.25.> ②도서관설치·운영에필요한세부사항은총장이따로정한다.<개정2025.2.25.> 제18장학교기업 <개정2025.2.25.>
제87조,제87조(학교기업)①본교에「산업교육진흥및산학연협력촉진에 관한법률」제36조에따라 학교기업을설치·운영할수있다.<개정2012.3.1.><개정2025.2.25.> ②학교기업의설치ㆍ운영에관한세부사항은총장이따로정한다.<신설2009.3.1.> 제19장금연구역의지정및운영 <개정2025.2.25.>
제88조,제88조(금연구역의지정)①「국민건강증진법」제9조에따라학교의교사(校舍)와캠퍼스내 지정된흡연구역(흡연부스설치장소)외모든지역을금연구역으로지정한다.<신설2012.4. 10.><개정2025.2.25.> 경복대학교학칙2-1 -21-②학교구성원은누구든지제1항에따라금연구역에서흡연하여서는아니된다.<신설 2012.4.10.><개정2025.2.25.> ③학생이제2항을위반하여금연구역에서흡연을한경우에는장학금수혜대상에서제재를 받을수있다.이경우흡연과제재수준등의구체적처리내용은총장이따로정한다.<신설 2012.4.10.><개정2025.2.25.> ④교직원이금연구역에서흡연을한경우에는업적또는근무성적평가에반영한다.<신설 2012.4.10.> 제20장보칙 <개정2025.2.25.>
제89조,제89조(규정등)이학칙의시행에필요한사항은규정심의위원회의 심의를거쳐총장이규정 등으로정할수있다.<개정2025.2.25.>
제90조,"제90조(자체평가)①대학의교육여건개선및교육ㆍ연구등의질적향상을위하여자체평가를 실시한다. ②자체평가의기준,절차및방법등에필요한세부사항은총장이따로정한다.<신설 2009.7.1.> 부칙 (시행일)이학칙은1992년3월1일부터시행한다. 부칙 (시행일)이학칙은1993년3월1일부터시행한다. 부칙 (시행일)이학칙은1993년8월26일부터시행한다. 부칙 ①(시행일)이학칙은1994년3월1일부터시행한다. ②(교육과정개편에따른경과조치)학칙제22조제1항의규정은1994학년도신입생부터 적용하며1993학년도이전입학생중1994학년도까지졸업하는재적생은종전규정에따른다. 부칙 (시행일)이학칙은1995년3월1일부터시행한다. 부칙 ①(시행일)이학칙은1995년3월1일부터시행한다. ②(사회봉사활동학점인정에따른경과조치)학칙제65조의규정은1995학년도신입생경복대학교학칙2-1 -22-부터적용한다. 부칙 ①(시행일)이학칙은1996년3월1일부터시행한다. ②(학과명칭변경에따른경과조치)이학칙시행당시종전의유통경영과와생활음악과에 소속된재적생중정당한사유로인하여1996년도말까지졸업하지못한학생은경영과와음악 과소속으로본다. 부칙 (시행일)이학칙은1996년8월9일부터시행한다. 부칙 (시행일)이학칙은1997년3월1일부터시행한다. 부칙 (시행일)이학칙은1997년10월1일부터시행한다. 부칙 ①(시행일)이학칙은1997년11월6일부터시행한다. ②(재학연한및유급제도개정에따른경과조치)학칙제11조및학칙제47조는1997학년도 졸업자부터적용한다. 부칙 ①(시행일)이학칙은1998년3월1일부터시행한다. ②(학과통폐합에따른경과조치)종전의학과에소속된재적생중정당한사유로인하여'98 학년도말까지졸업하지못한자는통합학과소속으로한다. 부칙 ①(시행일)이학칙은1998년6월1일부터시행한다. ②(교명변경에따른경과조치) 1.학칙시행당시종전의경성전문대학재적생은이학칙에의하여경복대학교의재적생으로 본다. 2.이학칙시행당시종전학칙의교명으로수여된졸업장또는전문학사학위는각각이학 칙의교명으로발급된것으로본다. 부칙 (시행일)이학칙은1998년8월24일부터시행한다. 부칙 경복대학교학칙2-1 -23-①(시행일)이학칙은1999년3월2일부터시행한다. ②(학과의개편등에따른경과조치) 종전의전산정보계열에소속된재적생중정당한사유로인하여‘99학년도말까지졸업하지못 한자는본인의전공학과소속으로본다. 부칙 ①(시행일)이학칙은2000년3월1일부터시행한다. 부칙 ①(시행일)이학칙은2001년3월1일부터시행한다. ②(학과의개편등에따른경과조치) 종전의전자계산과,사무자동화과에 소속된재적생중정당한사유로인하여2000학년도말까지 졸업하지못한자는개편된학과소속으로본다. 부칙 ①(시행일)이학칙은2002년8월16일부터시행한다. ②(학과의개편등에따른경과조치)종전의건축설계과에소속된재적생중정당한사유로인 하여2001학년도말까지졸업하지못한자는건축과소속으로본다. ③(컴퓨터응용과,건축과,유아교육과의수업연한연장에따른경과조치) 1.이학칙시행당시종전의규정에불구하고2002학년도이후재입학하는학생은3년제로 입학하여야한다. 2.2001학년도이전입학자가휴학후복학할때에는2년제로복학하여야한다.다만,학생이 3년제로의복학을원할경우허가할수도있다. 3.2002학년도3월부터적용한다. 부칙 ①(시행일)이학칙은2004년3월1일부터시행한다. ②(산학협력단설치에따른경과조치)변경된학칙중제9조(산학협력단의설치및운영)의 규정은2004년1월5일부터적용한다. ③(학과의개편등에따른경과조치)종전의행정과에소속된재적생중정당한사유로인하여 2003학년도말까지졸업하지못한자는복지행정과소속으로본다. 부칙 ①(시행일)이학칙은2005년3월1일부터시행한다. 부칙 ①(시행일)이학칙은2006년10월16일부터시행한다. ②(학과의개편등에따른경과조치)종전의컴퓨터응용과,관광과,음악과에소속된재적생중 정당한사유로인하여2006학년도말까지졸업하지못한자는컴퓨터정보과,관광계열,음악경복대학교학칙2-1 -24-계열소속으로본다. 부칙 ①(시행일)이학칙은2007년11월1일부터시행한다. ②(학과의개편등에따른경과조치)종전의토목설계과에소속된재적생중정당한사유로 인하여2007학년도말까지졸업하지못한자는건설환경정보과소속으로본다. 부칙 ①(시행일)이학칙은2008년3월1일부터시행한다. ②(학과의개편등에따른경과조치)종전의음악계열에소속된재적생중정당한사유로인하여 2007학년도말까지졸업하지못한자는음악공연예술계열소속으로본다. 부칙 ①(시행일)이학칙은2009년3월1일부터시행한다. ②(학과의개편등에따른경과조치)종전의산업디자인과,건축과,관광계열,음악공연예술계 열에소속된재적생중정당한사유로인하여2008학년도말까지졸업하지못한자는시각디자 인과,건축디자인과,관광과,실용음악과소속으로본다. 부칙 ①(시행일)이학칙은2009년9월30일부터시행한다. ②(학과의개편등에따른경과조치)종전의관광과,경영과,건설환경정보과에소속된재적생중 정당한사유로인하여2009학년도말까지졸업하지못한자는관광학부,경영학부,건설환경디자 인과소속으로본다. ③(학과폐지에따른경과조치)폐과에소속된재적생은졸업시까지관리하며,복학자의경우 학점취득은동일계열위탁교육을통하여학점을취득할수있으며,본인의사에따라전과를 허용한다. ④학칙제82조(자체평가)는2009년7월1일부터소급하여적용한다. 부칙 이학칙은2009년12월14일부터시행한다. 부칙 이학칙은2010년3월1일부터시행한다. 부칙 이학칙은2010년6월14일부터시행한다. 부칙 ①(시행일)이학칙은2010년9월30일부터시행한다. 경복대학교학칙2-1 -25-②(학과의개편등에따른경과조치)이학칙시행당시의시각디자인과,세무회계정보과에 소속된재적생중정당한사유로인하여2010학년도말까지졸업하지못한자는각각디자인 학부,세무회계과에소속한것으로본다. 부칙 ①(시행일)이학칙은2011년1월10일부터시행한다.다만,제32조,제36조및별표2는 2011년3월1일부터적용한다. 부칙 ①(시행일)이학칙은2011년11월18일부터시행한다.다만,학칙제4조(설치학과및입학정원)는 2011년9월8일부터소급하여적용한다. ②(학과의개편등에따른경과조치)이학칙시행당시의피부미용과,복지행정과,실용음악과에 소속된재적생중정당한사유로인하여2011학년도말까지졸업하지못한자는각각미용예술학부 뷰티아트과,복지행정학부복지행정전공,음악예술학부에소속한것으로본다. ③(학과폐지에따른경과조치)폐과에소속된재적생은졸업시까지관리하며,복학자의경우 학점취득은동일계열위탁교육을통하여학점을취득할수있으며,본인의사에따라전과를 허용한다. 부칙 ①(시행일)이학칙은2012년3월1일부터시행한다.다만,제65조의2(등록금심의위원회)는 2011년12월26일부터시행한다. ②(다른규정의개정)학칙시행세칙및강의담당시수에관한규정,교원자격운영규정,후기졸업 운영규정,계절학기운영규정,재수강시행규정,학점포기제운영규정,사회봉사활동학점제운 영규정해외어학연수학점부여규정,도제제도운영규정,인접선택운영,자율선택운영규 정,전공실무운영규정,프로젝트운영규정,PF학점제운영규정,실험실습운영및관리규정, 경복논총간행규정,산업체위탁교육운영규정,계약학과설치ㆍ운영규정,경복대학학과및입 학정원조정에관한규정,교육과정편성규정,현장실습운영규정,수업연한4년제간호학과 졸업을위한이수학점등관리규정,수업연한3년제간호학과학생에대한4학년교육과정운 영규정,간호학과운영규정,입학전형공정관리대책위원회규정,입학전형관리위원회규정, 교육과정위원회 규정교무위원회규정,산업체위탁교육심의위원회 규정,입학사정위원회 규정, 공간관리위원회 규정,교원양성위원회 규정,초빙교원에관한규정,명예교수규정,시간강사 위촉에관한규정,조교임용규정,복무규정,교직원보수규정,연구비관리규정,표창규정, 명예총장규정,경복대학교직원연봉제보수규정,경복대학직원근무성적평가에관한규정, 경복대학교원징계에관한규정,경복대학직원징계에관한규정,경복대학직원징계재심에 관한규정,경복대학전임교원연구비관리규정,장학규정,해외연수장학규정,국가근로장학 규정,교원인사위원회규정,공적심상위원회 규정,도서관규정,평생교육원규정,경복대학부 설요양보호사교육원운영규정,경복대학부설방문간호간호조무사 교육원운영규정,경복대 학산학협력단운영규정,산학협력체결규정의경복대학은경복대학교로하고본대학은본교 라한다.경복대학교학칙2-1 -26-부칙 ①(시행일)이학칙은2012년4월10일부터시행한다. ②(경과조치)이규정시행에도불구하고제5조및제8조의규정은2012년7월22일부터적용한다. 부칙 ①(시행일)이학칙은2012년4월17일부터시행한다. 부칙 ①(시행일)이학칙은2012년7월25일부터시행한다. 부칙 ①(시행일)이학칙은2012년10월29일부터시행한다. ②(학과의개편등에따른경과조치)이학칙시행당시의관광학부,경영학부,복지행정학부, 디자인학부,음악예술학부의전공에소속된재적생중정당한사유로인하여2012학년도말까지 졸업하지못한자는각각관광학부,MIS학부,복지행정학부,디자인학부,음악예술학부의학 과에소속한것으로본다. ③(수업년한변경에따른경과조치)컴퓨터정보과,건축디자인과로2012학년도이전입학한 자의신분,학위취득등학사운영에대하여는종전의학칙에의한다. ④(학과폐지에따른경과조치)음악예술학부실용음악전공미디기악에소속된재적생은졸업 시까지관리하며,복학자의경우학점취득은동일계열위탁교육을통하여학점을취득할수 있다.이경우본인의사에따라전과를허용한다. 부칙 ①(시행일)이학칙은2013년08월14일부터시행한다. ②(학과의개편등에따른경과조치)이학칙시행당시의디지털산업디자인과에소속된재적 생중정당한사유로인하여2013학년도말까지졸업하지못한자는산업디자인과에소속한 것으로본다. ③(학과폐지에따른경과조치)광고디자인과,융합디자인과에소속된재적생은졸업시까지 관리하며,복학자의경우학점취득은동일계열위탁교육을통하여학점을취득할수있다. 이경우본인의사에따라전과를허용한다. 부칙 ①(시행일)이학칙은2014년3월1일부터시행한다. 부칙 ①(시행일)이학칙은2014년6월30일부터시행한다. 부칙 경복대학교학칙2-1 -27-①(시행일)이학칙은2014년9월1일부터시행한다. 부칙 ①(시행일)이학칙은2014년12월14일부터시행한다. 부칙 ①(시행일)이학칙은2015년2월5일부터시행하되,2015년3월1일부터적용한다. 부칙 ①(시행일)이학칙은2015년6월8일부터시행한다. 부칙 ①(시행일)이학칙은2015년9월1일부터시행한다. ②(다른규정의개정)제8조제1항의직제개정에따라본교의모든규정중‘학사지원처’는‘교학처’ 로,‘학사지원처장’은‘교학처장’으로한다. 부칙 ①(시행일)이학칙은2015년12월2일부터시행한다. 부칙 ①(시행일)이학칙은2016년1월18일부터시행한다. ②(학과의개편등에따른경과조치)이학칙시행당시의뷰티아트과,약손명가미용과,컴퓨 터정보과토탈웹서비스전공,컴퓨터정보과임베디드S/W전공에소속된재적생중정당한사유로 인하여2015학년도말까지졸업하지못한자는각각뷰티매니저과,약손피부미용과,스마트IT 과,지능로봇과에소속한것으로본다. 부칙 ①(시행일)이학칙은2016년2월3일부터시행한다. 부칙 ①(시행일)이학칙은2016년5월19일부터시행한다. 부칙 ①(시행일)이학칙은2016년9월19일부터시행한다. ②(취업처직제개편에따른경과조치)이규정의시행에도불구하고제8조(직제)의규정은 2016년9월1일부터소급적용한다. ③(다른규정의개정)제8조(직제)제1항의개정에따라본교의모든규정중“산학협력처”는 “취업처”로,“산학협력처장”은“취업처장”으로한다.경복대학교학칙2-1 -28-부칙 ①(시행일)이학칙은2017년7월17일부터시행한다. 부칙 ①(시행일)이학칙은2017년9월15일부터시행한다.다만,제7조제1항,제4항,제6항의입학 홍보처직제는2017년9월1일부터시행하며,제4조,제8조제1항내지제5항및제70조제2항 의간호대학직제는2017년11월1일부터시행한다. ②(다른규정의개정)제4조(설치학과및입학정원),제7조(직제)제1항,제8조(대학·학부및학과) 의개정에따라본교의모든규정중‘간호학부’는‘간호대학’으로,‘입학처’는‘입학홍보처’로,‘입 학처장’은‘입학홍보처장’으로한다. 부칙 ①(시행일)이학칙은2017년12월27일부터시행한다. 부칙 ①(시행일)이규정은2018년2월7일부터시행하되,제79조제1항제2호의명칭변경사항은 2018년3월1일부터적용한다. 부칙 ①(시행일)이학칙은2018년3월1일부터시행한다. 부칙 ①(시행일)이학칙은2018년8월31일부터시행한다. ②(경과조치)제4조(설치학과및입학정원)제1항과제4조의2(학사학위전공심화과정설치 학과및입학정원)는2019년3월1일부터적용한다. ③(학과의개편등에따른경과조치)이학칙시행당시의사회복지과,지능로봇과,스마트IT과, 영유아보육과,뮤지컬과로소속된재적생으로정당한사유로인하여2018학년도말까지졸업하 지못한경우복지행정과,스마트IT소프트웨어과,아동상담보육과,공연예술과소속으로보며,종 전학과에서취득한학점은개편된학과에서취득한학점으로인정한다. ④(공학기술교육인증과정에대한학위의종별)친환경건축과는단일인증과정이며,비인증학위 과정은한시적으로운영한다. 부칙 ①(시행일)이학칙은2019년2월1일부터시행한다. ②(다른규정의폐지)교양·인성교육센터설치및운영에따라업무및기능이중복되는교양 교육과정개발위원회 규정을폐지한다. 경복대학교학칙2-1 -29-③(경과조치)제36조(교과이수단위)제2항,제46조(졸업및수료)제3항은2019학년도신입 생부터적용한다.제36조의2(학사학위전공심화과정교과이수단위)제2항,제46조의2(학사학 위전공심화과정졸업및수료)제2항및제51조(학사학위전공심화과정)제5항은학사학위 전공심화과정수업연한에따라2년제과정은2021년신입생부터,1년제과정은2022년신입생 부터적용한다. 부칙 ①(시행일)이학칙은2019년7월1일부터시행한다. ②(경과조치)제5조(교직원)제2항,제5조의2(교원)제1항,제5조의3(강사)및제40조(교수시 간)제2항은2019년8월1일부터적용한다. 부칙 ①(시행일)이학칙은2019년11월4일부터시행한다. ②(경과조치)제4조(설치학과및입학정원)제1항과제4조의2(학사학위전공심화과정설치 학과및입학정원)는2020년3월1일부터적용한다. ③(학과개편등에따른경과조치)2020학년도학과개편에따라아래학과의재적생으로2019 학년도말까지정당한사유로인하여졸업하지못한경우에는개편된학과소속으로보며,종 전학과에서취득한학점은개편된학과에서취득한학점으로인정한다(종전의2년제과정으 로입학한학생이휴학하였다가복학할경우본인의의사에따라2년또는3년제를선택하여 복학할수있다.다만,재입학의경우는3년제로입학하여야한다) 종전학과(수업연한)개편학과(수업연한) 비고 스마트IT소프트웨어과(3년제) 소프트웨어융합과(3년제) 통합,명칭변경,수업연한변경IT보안과(2년제) 시각디자인과(3년제) 시각디자인과(3년제) 산업디자인과(2년제) e-비즈니스과(2년제)e-비즈니스빅데이터과(3년제)명칭변경,수업연한변경 건설환경디자인과(2년제)건설환경시스템과(2년제)명칭변경 친환경건축과(2년제)친환경건축과(3년제)수업연한변경 항공서비스과(2년제)항공서비스과(3년제)수업연한변경 부칙 ①(시행일)이학칙은2020년4월20일부터시행한다. ②(교육과정변경에따른경과조치)이학칙제32조4항의입학당시적용된교육과정은다음 과같다.단,간호학과는입학년도와관계없이학습성과기반교육과정을적용한다.경복대학교학칙2-1 -30-입학년도적용교육과정 대상학과 2013이전현장중심교육과정전체학과 2014～2018NCS및현장중심 교육과정전체학과 2019모듈형교육과정e-비즈니스과,IT보안과,건설환경디자인과,공간디자인과,공연예술과,국제 관광과,복지행정과,뷰티매니저과,산업디자인과,세무회계과,스마트IT소프 트웨어과,시각디자인과,실용음악과,약손피부미용과,유통경영과,의료미용 과,의료복지과,준오헤어디자인과,친환경건축과,항공서비스과,호텔관광과 NCS및현장중심 교육과정물리치료과,아동상담보육과,유아교육과,임상병리과,작업치료과,치위생과 2020이후학생선택형통합 교육과정e-비즈니스빅데이터과,건설환경시스템과,공간디자인과,공연예술과,뷰티매 니저과,세무회계과,소프트웨어융합과,시각디자인과,실용음악과,유통경영 과,친환경건축과,항공서비스과,호텔관광과 모듈형교육과정국제관광과,복지행정과,약손피부미용과,준오헤어디자인과 NCS및현장중심 교육과정물리치료과,아동상담보육과,유아교육과,의료미용과,의료복지과,임상병리 과,작업치료과,치위생과 ③(성적평가변경에따른경과조치)이학칙제42조및제43조의성적평가관련개정사항은 2020학년도1학년부터적용한다. 부칙 ①(시행일)이학칙은2020년5월11일부터시행한다. 부칙 ①(시행일)이학칙은2021년2월1일부터시행한다. ②(경과조치)제4조(설치학과및입학정원)제1항과제4조의2(학사학위전공심화과정설치 학과및입학정원)는2021년3월1일부터적용한다. ③(학과개편등에따른경과조치)2021학년도학과개편에따라아래학과의재적생으로2020 학년도말까지정당한사유로인하여졸업하지못한경우에는개편된학과소속으로보며,종 전학과에서취득한학점은개편된학과에서취득한학점으로인정한다(종전의2년제과정으 로입학한학생이휴학하였다가복학할경우본인의의사에따라2년또는3년제를선택하여 복학할수있다.다만,재입학의경우는3년제로입학하여야한다) 경복대학교학칙2-1 -31-종전 학과(수업연한 ) 개편 학과(수업연한 ) 비고 세무회계과 (2년제) AI서비스경영과 (3년제) 통합, 학과명 변경, 수업연한 변경 유통경영과 (2년제) 국제관광과 (2년제) 스마트호텔관광과 (3년제)통합, 학과명 변경, 수업연한 변경 호텔관광과 (2년제) 소프트웨어융합과 (3년제) AI소프트웨어융합과 (3년제)명칭변경 건설환경시스템과 (2년제) 드론건설환경과 (2년제) 명칭변경 뷰티매니저과 (2년제) 뷰티코스메틱과 (2년제) 명칭변경 부칙 ①(시행일)이학칙은2021년5월1일부터시행한다. 부칙 ①(시행일)이학칙은2021년6월9일부터시행한다. 부칙 ①(시행일)이학칙은2021년11월8일부터시행한다. ②(경과조치)제4조(설치학과및입학정원)제1항과제4조의2(학사학위전공심화과정설치 학과및입학정원)는2022년3월1일부터적용한다. ③(학과개편등에따른경과조치)2022학년도학과개편에따라아래학과의재적생으로2021 학년도말까지정당한사유로인하여졸업하지못한경우에는개편된학과소속으로보며,종 전학과에서취득한학점은개편된학과에서취득한학점으로인정한다(종전의2년제과정으 로입학한학생이휴학하였다가복학할경우본인의의사에따라2년또는3년제를선택하여 복학할수있다.다만,재입학의경우는3년제로입학하여야한다) 종전학과(수업연한) 개편학과(수업연한) 비고 AI소프트웨어융합과(3년제) (빅데이터,IoT·드론,사이버보안)소프트웨어융합과(3년제)코딩전공 전공분리,학과명변경사이버보안전공 클라우드서비스전공 데이터분석전공 e-비즈니스빅데이터과(3년제) 서비스경영과(3년제) (유통경영전공,e비즈니스전공,세무회계전공)학과통합,학과명변경AI서비스경영과(3년제) (AI유통전공,핀테크회계전공) 스마트호텔관광과(3년제)호텔관광과(3년제) 학과명변경 실용음악과(2년제) 실용음악과(3년제) 3년제전환 ④(교육과정변경에따른경과조치)이학칙제32조4항의입학당시적용된교육과정은다음경복대학교학칙2-1 -32-과같다.단,간호학과는입학년도와관계없이학습성과기반교육과정을적용한다. 입학년도적용교육과정 대상학과 2013이전현장중심교육과정전체학과 2014～2018NCS및현장중심 교육과정전체학과 2019모듈형교육과정e-비즈니스과,IT보안과,건설환경디자인과,공간디자인과,공연예술과,국제 관광과,복지행정과,뷰티매니저과,산업디자인과,세무회계과,스마트IT소프 트웨어과,시각디자인과,실용음악과,약손피부미용과,유통경영과,의료미용 과,의료복지과,준오헤어디자인과,친환경건축과,항공서비스과,호텔관광과 NCS및현장중심 교육과정물리치료과,아동상담보육과,유아교육과,임상병리과,작업치료과,치위생과 2020학생선택형통합 교육과정e-비즈니스빅데이터과,건설환경시스템과,공간디자인과,공연예술과,뷰티매 니저과,세무회계과,소프트웨어융합과,시각디자인과,실용음악과,유통경영 과,친환경건축과,항공서비스과,호텔관광과 모듈형교육과정국제관광과,복지행정과,약손피부미용과,준오헤어디자인과 NCS및현장중심 교육과정물리치료과,아동상담보육과,유아교육과,의료미용과,의료복지과,임상병리 과,작업치료과,치위생과 2021이후학생선택형통합 교육과정AI소프트웨어융합과,AI서비스경영과,e-비즈니스빅데이터과,공간디자인과, 공연예술과,드론건설환경과,물리치료과,복지행정과,뷰티코스메틱과,스마 트호텔관광과,시각디자인과,실용음악과,아동상담보육과,유아교육과,약손 피부미용과,의료미용과,의료복지과,임상병리과,작업치료과,준오헤어디자 인과,치위생과,친환경건축과,항공서비스과 부칙 ①(시행일)이학칙은2022년3월21일부터시행한다.다만,제5조,제7조,제70조및제79조의 개정및신설된사항에대하여는2022년3월1일부터적용한다. ②(다른규정의개정)제7조(직제)제1항의개정에따라본교의모든규정중“교학처”는“교 무처”로,“교학처장”은“교무처장”으로,“정보지원센터”는“디지털정보처”로,“정보지원센터장” 은“디지털정보처장”으로변경된것으로한다. 부칙 ①(시행일)이학칙은2022년4월19일부터시행한다. 부칙 ①(시행일)이학칙은2022년5월25일부터시행한다.다만,제65조의2개정된사항은2022학 년도1학기부터적용한다. 경복대학교학칙2-1 -33-부칙 ①(시행일)이학칙은2022년11월4일부터시행한다. ②(경과조치)제4조(설치학과및입학정원)제1항과제4조의2(학사학위전공심화과정설치 학과및입학정원)는2023년3월1일부터적용한다. ③(학과개편등에따른경과조치)2023학년도학과개편에따라아래학과의재적생으로2022 학년도말까지정당한사유로인하여졸업하지못한경우에는개편된학과소속으로보며,종 전학과에서취득한학점은개편된학과에서취득한학점으로인정한다(종전의2년제과정으 로입학한학생이휴학하였다가복학할경우본인의의사에따라2년또는3년제를선택하여 복학할수있다.다만,재입학의경우는3년제로입학하여야한다) 종전(수업연한) 개편 학과(수업연한) 비고 소프트웨어융합과 (3년제) 데이터분석전공  빅데이터과  전공 분리, 학과 신설 공연예술과 (2년제)  공연예술과 (3년제)  3년제 전환 부칙 ①(시행일)이학칙은2023년1월30일부터시행한다. 부칙 ①(시행일)이학칙은2023년4월14일부터시행한다. 부칙 ①(시행일)이학칙은2023년7월5일부터시행한다. 부칙 ①(시행일)이학칙은2023년9월26일부터시행한다. 부칙 ①(시행일)이학칙은2024년1월8일부터시행한다. ②(경과조치)제4조(설치학과및입학정원)제1항과제4조의2(학사학위전공심화과정설치 학과및입학정원)는2024년3월1일부터적용한다.경복대학교학칙2-1 -34-③(학과개편등에따른경과조치)2024학년도학과개편에따라아래학과의재적생으로2023 학년도말까지정당한사유로인하여졸업하지못한경우에는개편된학과소속으로보며,종 전학과에서취득한학점은개편된학과에서취득한학점으로인정한다 종전(수업연한) 개편 학과(수업연한) 비고 소프트웨어융합과 코딩전공(3년제) 소프트웨어융합과 (3년제)  전공통합  소프트웨어융합과 사이버보안전공 (3년제) 소프트웨어융합과 클라우드서비스전공 (3년제) 복지행정과 (2년제)  사회복지상담과 (2년제)  학과명변경 의료복지과 (3년제)  의료사회복지과 (3년제)  학과명변경 부칙 ①(시행일)이학칙은2024년3월14일부터시행한다. ②(경과조치)제36조(교과이수단위)제2항은2024학년도신입생부터적용한다. 부칙 ①(시행일)이학칙은2024년8월13일부터시행한다. 부칙 ①(시행일)이학칙은2024년8월28일부터시행한다. ②(경과조치)제4조(설치학과및입학정원)제1항과제4조의3(전문기술석사과정 설치학과및 입학정원)은2025년3월1일부터적용한다. ③(학과개편등에따른경과조치)2025학년도학과개편에따라아래학과의재적생으로2024 학년도말까지정당한사유로인하여졸업하지못한경우에는개편된학과소속으로보며,종전 학과에서취득한학점은개편된학과에서취득한학점으로인정한다.(종전의2년제과정으로입 학한학생이휴학하였다가복학할경우본인의의사에따라2년또는3년제를선택하여복학할 수있다.다만,재입학의경우는3년제로입학하여야한다) 종전(수업연한) 개편학과(수업연한)비고 사회복지상담과(2년제) 사회복지과(3년제)학과명및학제변경 의료사회복지과(3년제) 부칙 경복대학교학칙2-1 -35-①(시행일)이학칙은2024년12월15일부터시행한다. ②(경과조치)제4조의2(학사학위전공심화과정설치학과및입학정원),제28조(휴학)는2025 년3월1일부터적용한다. 부칙 ①(시행일)이학칙은2025년2월25일부터시행한다. 부칙 ①(시행일)이학칙은2025년4월18일부터시행한다. 경복대학교학칙2-1 -36-<별지제1호>학위증(전문학사) 제호 학위등록번호:경복-0000-0000 학위증 ○○○○학사 ○○○○학과○○○ 생년월일:○○○○.○○.○○ 본대학교의총장,교직원그리고이사진은대한민국으로부터 위임받은권위에의거하여 명예,권리,특권그리고책임과함께본학위를수여하며그사실을증명하기위하여 경복대학교의인장을표시하여본증서를수여합니다. 년월일경복대학교총장 경복대학교학칙2-1 -37-<별지제2호>수료증서 제호 학위등록번호:경복-0000-0000 학위증 ○○○○전문학사 ○○○○(학)과○○○ 생년월일:○○○○.○○.○○ 본대학교의총장,교직원그리고이사진은대한민국으로부터 위임받은권위에의거하여 명예,권리,특권그리고책임과함께본학위를수여하며그사실을증명하기위하여 경복대학교의인장을표시하여본증서를수여합니다. 년월일경복대학교총장 경복대학교학칙2-1 -38-<별지제3호>학위증(학사) 제호 학위등록번호:경복-0000-0000 학위증 ○○○○전문기술석사 ○○○○과정(학과)○○○ 생년월일:○○○○.○○.○○ 본대학교의총장,교직원그리고이사진은대한민국으로부터 위임받은권위에의거하여 명예,권리,특권그리고책임과함께본학위를수여하며그사실을증명하기위하여 경복대학교의인장을표시하여본증서를수여합니다. 년월일경복대학교총장 경복대학교학칙2-1 -39-<별표1>설치학과(모집단위)별입학정원및수업연한 설치학과(모집단위)별입학정원및수업연한(제4조,제5조,제6조,제8조관련) <개정2025.09.09> 설치학과(모집단위) 수업연한입학정원비고주간야간 간호대학간호학부간호학과4학사4323 치위생학부 치위생학과4학사(전공심화)160 전문학사3208 의료보건학부작업치료학과4학사(전공심화)130 전문학사3122 임상병리학과4학사(전공심화)127 전문학사3115 물리치료학과4학사(전공심화)125 전문학사350 의료미용학과4학사(전공심화)116 전문학사350 반려동물보건학과4학사(전공심화)115 전문학사360 산업안전보건학과4학사(전공심화)2102029학년도1년제개설예정 전문학사 (안전보건과)3362026학년도3년제전환 공공인재 서비스학부유아교육학과 4학사(전공심화)155 전문학사355 사회복지학과 4학사(전공심화)12028학년도학사(전공심화)개설예정전문학사360 융합서비스경영학과 4학사(전공심화)120 학사(전공심화)는 (서비스경영과+항공서비스과+ 호텔관광과융합)전문학사 (서비스경영과)360 전문학사 (항공서비스과)340 전문학사 (호텔관광과)360 스마트시티 융합학부드론건설환경과3전문학사3302026학년도3년제전환 건축디자인학과4학사(전공심화)125 전문학사 (친환경건축과)330 전문학사 (공간디자인과)330 AI융합디자인 학부AI기반XR시뮬레이션 콘텐츠과정2전문기술석사 215 시각디자인학과4학사(전공심화)130 전문학사350 전문학사 (영상미디어콘텐츠과)370 소프트웨어융합학과4학사(전공심화)15 전문학사3100 예술뷰티테크 학부실용음악학과4학사(전공심화)115 전문학사333 공연예술학과 4학사(전공심화)115 전문학사330 뷰티디자인과2전문학사230학과명변경(뷰티코스메틱과→뷰티디자인과) 준오헤어디자인과2전문학사267 자유전공학과 3전문학사320 글로벌융합학과2전문학사20외국인정원외모집3전문학사30경복대학교학칙2-1 -40-<별표2>학위의종별 학위의종별(제43조관련) 설치학과(모집단위)학사/전문기술석사 전문학사 비고(폐과등) 간호대학간호학부간호학과 간호학사 치위생학부 치위생학과 치위생학사 치위생전문학사 의료보건학부작업치료학과작업치료학사작업치료전문학사 임상병리학과임상병리학사 임상병리전문학사 물리치료학과물리치료학사물리치료전문학사 의료미용학과보건학사 보건전문학사 반려동물보건학과동물보건학사 동물보건전문학사 안전보건과 산업안전보건전문학사 공공인재학부유아교육학과 교육학사 교육전문학사 보육전문학사 아동상담보육과,영유아보육과 의료복지학과 보건학사 보건전문학사 사회복지학과 사회복지학사사회복지전문학사 (사회복지과, 의료사회복지과, 사회복지상담과) 행정학사 행정전문학사 복지행정학과,복지행정과 서비스플랫폼학부융합서비스경영학과 경영학사경영전문학사 (서비스경영과)e-비즈니스과, e-비즈니스빅데이터과, 유통경영과,AI서비스경영과 관광학사관광전문학사 (항공서비스과,호텔관광과)항공서비스학과,호텔관광학과 스마트호텔관광과,국제관광과 세무전문학사 세무회계과 첨단융합학부건설환경공학과토목공학학사토목공학전문학사 (드론건설환경과)건설환경디자인과, 건설환경시스템과 소프트웨어융합학과IT학사IT전문학사 (소프트웨어융합과, 빅데이터과)스마트IT과, 스마트IT소프트웨어과, 지능로봇과,AI소프트웨어융합과, IT보안과 건축디자인학과 건축학사건축전문학사 (친환경건축과) 공간디자인학과,친환경건축학과건축디자인전문학사 (공간디자인과) 크리에이티브 융합대학원AI기반XR시뮬레이션 콘텐츠과정디자인전문기술석사 예술디자인학부실용음악학과음악학사 음악전문학사 공연예술학과 공연예술학사 공연예술전문학사 뮤지컬과 시각디자인학과 디자인학사 디자인전문학사 산업디자인학과,산업디자인과 미용학사 뷰티매니저학과 뷰티코스메틱과 미용전문학사뷰티매니저과,뷰티아트과, 약손명가미용과약손피부미용과 준오헤어디자인과 뷰티자유전공학과 경복대학교학칙2-1 -41-<별표3>졸업및수료학점이수기준 졸업및수료학점이수기준 설치학과(모집단위)수업 연한졸업 학점 (이상)학위과정세부졸업학점이수기준수료학점 이수기준(이상) 수업 연한학점 (이상)교양/전공 (학점이상)1학년2학년3학년4학년 간호 대학간호 학부간호학과 4130학사4130교양25/전공39336598130 치위생학부 치위생학과 4130학사(전공심화)122 22 전문학사 3108교양12/전공333672108 의료보건학부작업치료학과4130학사(전공심화)122 22 전문학사 3108교양12/전공333672108 임상병리학과4130학사(전공심화)122 22 전문학사 3108교양12/전공333672108 물리치료학과4130학사(전공심화)122 22 전문학사 3108교양12/전공333672108 의료미용학과4130학사(전공심화)122 22 전문학사 3108교양12/전공333672108 반려동물보건학과4130학사(전공심화)122 22 전문학사 3108교양12/전공333672108 안전보건과272전문학사 272교양8/전공223672 공공인재학부유아교육학과 4130학사(전공심화)122 22 전문학사 3108교양12/전공333672108 의료복지학과4130학사(전공심화)122 22 전문학사 (의료사회복지과)3108교양12/전공333672108 사회복지학과 4130학사(전공심화)122 22 전문학사 3108교양12/전공333672108 사회복지상담과272전문학사 272교양8/전공223672 서비스플랫 폼학부융합서비스경영학과 4130학사(전공심화)122 22 전문학사 (서비스경영과)3108교양12/전공333672108 전문학사 (항공서비스과)3108교양12/전공333672108 전문학사 (호텔관광과)3108교양12/전공333672108 첨단융합학부건설환경공학과4130학사(전공심화)258 2258 전문학사 (드론건설환경과)272교양8/전공223672 소프트웨어융합학과4130학사(전공심화)122 22 전문학사 3108교양12/전공333672108 전문학사 (빅데이터과)3108교양12/전공333672108 건축디자인학과4130학사(전공심화)122 22 전문학사 (친환경건축과)3108교양12/전공333672108 전문학사 (공간디자인과)3108교양12/전공333672108 크리에이티브 융합대학원AI기반XR시뮬레이션 콘텐츠과정석사224전문기술석사 224 1224 예술디자인 학부실용음악학과4130학사(전공심화)122 22 전문학사 3108교양12/전공333672108 공연예술학과 4130학사(전공심화)122 22 전문학사 3108교양12/전공333672108 시각디자인학과4130학사(전공심화)122 22 전문학사 3108교양12/전공333672108 전문학사 (영상미디어콘텐츠과)3108교양12/전공333672108 전문학사 (디자인융합자유전공학과)3108교양12/전공333672108 뷰티코스메틱과272전문학사 272교양8/전공223672 약손피부미용과272전문학사 272교양8/전공223672 준오헤어디자인과272전문학사 272교양8/전공223672 뷰티자유전공학과 272전문학사 272교양8/전공223672 ※ 세부 졸업학점 이수기준 중 전공: 설치학과 (모집단위 ) 전공학점"
